{
  "columns": [
    "open",
    "volume",
    "gov_1y",
    "usd_krw",
    "gold_usd",
    "nasdaq_close",
    "nasdaq_volume",
    "btc_open",
    "btc_volume",
    "btc_rsi",
    "eth_open",
    "eth_volume",
    "eth_rsi",
    "volatility_20d",
    "term_spread_10y1y",
    "term_spread_3y1y",
    "credit_spread_aa",
    "credit_spread_bbb"
  ],
  "mean": [
    -0.00017430969195573911,
    -0.0032451128454866495,
    0.0018847262247838619,
    0.0002955783012712545,
    0.00031522448627487677,
    0.00040267435576132296,
    0.0021366843164705085,
    0.0012127803744448609,
    0.00935632814087012,
    52.85740747921056,
    0.0011632558137170115,
    0.015564566054995054,
    52.30909450824762,
    0.01036786070944709,
    -0.0007973102785782904,
    -0.00030739673390970225,
    -0.0005283381364073012,
    -0.0011421709894332381
  ],
  "scale": [
    0.009628213036089081,
    0.24901734669524903,
    0.026499544580783244,
    0.005498008384109601,
    0.009091748688888509,
    0.013691057710842062,
    0.1598037251599068,
    0.033497000255004274,
    0.5469885493652082,
    15.427371177427041,
    0.04351812315257198,
    0.6320886309916878,
    14.124862183699612,
    0.0035748196711650926,
    0.037100149959836494,
    0.03433649904576527,
    0.011633873332159593,
    0.010873225836159559
  ]
}